name,lang,,,,
Turdus merula,en,"During their sleep, blackbirds are capable of maintaining one hemisphere of their brain awake.",,,
Turdus merula,nl,,,,
Turdus merula,de,Amseln können während des Schlafs eine Gehirnhälfte aktiv halten.,Amseln fangen schon 45 Minuten vor Sonnenaufgang an zu singen. In Städten können sie aufgrund von Lichtverschmutzung allerdings auch nachts singen.,Die Amsel war bis noch vor 150 Jahren ein scheuer Waldbewohner.,Stadtamseln starten ihre Brut früher als Waldamseln.
Turdus merula,fr,,,,
Turdus merula,es,,,,
Turdus merula,eo,,,,
Turdus merula,ru,Во время сна чёрные дрозды способны поддерживать в бодрствующем состоянии одно полушарие своего мозга.,,,
Parus major,en,,,,
Parus major,nl,,,,
Parus major,de,"Meisen bauen ihr Nest zwar meist in Baumhöhlen, nicht selten nutzen sie aber auch Briefkästen.",,,
Parus major,fr,,,,
Parus major,es,,,,
Parus major,eo,,,,
Parus major,ru,,,,
Corvus corone,en,,,,
Corvus corone,nl,,,,
Corvus corone,de,,,,
Corvus corone,fr,,,,
Corvus corone,es,,,,
Corvus corone,eo,,,,
Corvus corone,ru,,,,
Columba palumbus,en,,,,
Columba palumbus,nl,,,,
Columba palumbus,de,,,,
Columba palumbus,fr,,,,
Columba palumbus,es,,,,
Columba palumbus,eo,,,,
Columba palumbus,ru,,,,
Cyanistes caeruleus,en,,,,
Cyanistes caeruleus,nl,,,,
Cyanistes caeruleus,de,Blaumeisen wiegen nur ungefähr so viel wie zwei 20-Cent-Münzen. Bei diesem Fliegengewicht können sie sich auch an dünnen Zweigen kopfüber entlang hangeln.,,,
Cyanistes caeruleus,fr,,,,
Cyanistes caeruleus,es,,,,
Cyanistes caeruleus,eo,,,,
Cyanistes caeruleus,ru,,,,
Fringilla coelebs,en,,,,
Fringilla coelebs,nl,,,,
Fringilla coelebs,de,Buchfinken haben unterschiedliche regionale Dialekte.,,,
Fringilla coelebs,fr,,,,
Fringilla coelebs,es,,,,
Fringilla coelebs,eo,,,,
Fringilla coelebs,ru,,,,
Anas platyrhynchos,en,,,,
Anas platyrhynchos,nl,,,,
Anas platyrhynchos,de,Die Weibchen brüten auch immer mal wieder in Balkonkästen. Feuerwehr oder Naturschützer bringen dann Entenmutter und Küken nach dem Schlupf zum nächsten Teich.,,,
Anas platyrhynchos,fr,,,,
Anas platyrhynchos,es,,,,
Anas platyrhynchos,eo,,,,
Anas platyrhynchos,ru,,,,
Erithacus rubecula,en,,,,
Erithacus rubecula,nl,,,,
Erithacus rubecula,de,,,,
Erithacus rubecula,fr,,,,
Erithacus rubecula,es,,,,
Erithacus rubecula,eo,,,,
Erithacus rubecula,ru,,,,
Pica pica,en,,,,
Pica pica,nl,,,,
Pica pica,de,"Zu den üblichen Balzritualen von Elstern zählen Gefiederkraulen, Schnäbeln und Balzfüttern. Die Paare bleiben oft lebenslang zusammen.",,,
Pica pica,fr,,,,
Pica pica,es,,,,
Pica pica,eo,,,,
Pica pica,ru,,,,
Sturnus vulgaris,en,,,,
Sturnus vulgaris,nl,,,,
Sturnus vulgaris,de,"Der Star baut andere Tierlaute in seinen Gesang ein. Kenner*innen können heraushören, welche Arten in seinem Umfeld leben.",,,
Sturnus vulgaris,fr,,,,
Sturnus vulgaris,es,,,,
Sturnus vulgaris,eo,,,,
Sturnus vulgaris,ru,,,,
Dendrocopos major,en,,,,
Dendrocopos major,nl,,,,
Dendrocopos major,de,"Es soll Spechtschmieden geben, unter denen schon mehrere Tausend leere Kiefern- und Fichtenzapfen gefunden wurden.",,,
Dendrocopos major,fr,,,,
Dendrocopos major,es,,,,
Dendrocopos major,eo,,,,
Dendrocopos major,ru,,,,
Passer domesticus,en,,,,
Passer domesticus,nl,,,,
Passer domesticus,de,"Im 19. Jahrhundert gab es eine Spatzensteuer von 20 Spatzenköpfen, da sie als Schmarotzer galten, die den Menschen die Samen auf den Feldern wegfressen.",,,
Passer domesticus,fr,,,,
Passer domesticus,es,,,,
Passer domesticus,eo,,,,
Passer domesticus,ru,,,,
Buteo buteo,en,,,,
Buteo buteo,nl,,,,
Buteo buteo,de,"Es gibt viele verschiedene Morphen, die von fast ganz weiß bis dunkelbraun variieren können.",,,
Buteo buteo,fr,,,,
Buteo buteo,es,,,,
Buteo buteo,eo,,,,
Buteo buteo,ru,,,,
Ardea cinerea,en,,,,
Ardea cinerea,nl,,,,
Ardea cinerea,de,"Sie erschließen immer mehr neue Brutgebiete, so kann man Brutkolonien mittlerweile auch teilweise in Zoos in Städten antreffen.",,,
Ardea cinerea,fr,,,,
Ardea cinerea,es,,,,
Ardea cinerea,eo,,,,
Ardea cinerea,ru,,,,
Phylloscopus collybita,en,,,,
Phylloscopus collybita,nl,,,,
Phylloscopus collybita,de,"Auch in anderen Sprachen singt der Zilpzalp seinen Namen. Im Englischen heißt er zum Beispiel „Chiffchaff“, in den Niederlanden „Tjiftjaf“.",,,
Phylloscopus collybita,fr,,,,
Phylloscopus collybita,es,,,,
Phylloscopus collybita,eo,,,,
Phylloscopus collybita,ru,,,,
Troglodytes troglodytes,en,,,,
Troglodytes troglodytes,nl,,,,
Troglodytes troglodytes,de,Der Zaunkönig hat im Verhältnis zu seiner Körpergröße die lauteste Stimme. Er kommt auf bis zu 90 Dezibel und ist damit fast 500 Meter weit zu hören.,,,
Troglodytes troglodytes,fr,,,,
Troglodytes troglodytes,es,,,,
Troglodytes troglodytes,eo,,,,
Troglodytes troglodytes,ru,,,,
Garrulus glandarius,en,,,,
Garrulus glandarius,nl,,,,
Garrulus glandarius,de,Durch das Verstecken von Eicheln haben Eichelhäher erheblich zur Ausbreitung unserer Eichenwälder beigetragen.,,,
Garrulus glandarius,fr,,,,
Garrulus glandarius,es,,,,
Garrulus glandarius,eo,,,,
Garrulus glandarius,ru,,,,
Phalacrocorax carbo,en,,,,
Phalacrocorax carbo,nl,,,,
Phalacrocorax carbo,de,"Damit er tief tauchen und Fische verfolgen kann, fettet er sein Gefieder nicht ein. Dass er es danach trocknen muss, unterscheidet ihn von anderen Wasservögeln.",,,
Phalacrocorax carbo,fr,,,,
Phalacrocorax carbo,es,,,,
Phalacrocorax carbo,eo,,,,
Phalacrocorax carbo,ru,,,,
Sitta europaea,en,,,,
Sitta europaea,nl,,,,
Sitta europaea,de,"Ein „Kleiber“ ist im Mittelhochdeutschen ein Handwerker, der eine Lehmwand baut – so wie der Vogel die Eingänge der Nisthöhlen mit Lehm verkleidetet.",,,
Sitta europaea,fr,,,,
Sitta europaea,es,,,,
Sitta europaea,eo,,,,
Sitta europaea,ru,,,,
Fulica atra,en,,,,
Fulica atra,nl,,,,
Fulica atra,de,Blässhühner sind im Winter eine bevorzugte Beute des Seeadlers.,,,
Fulica atra,fr,,,,
Fulica atra,es,,,,
Fulica atra,eo,,,,
Fulica atra,ru,,,,
Chloris chloris,en,,,,
Chloris chloris,nl,,,,
Chloris chloris,de,,,,
Chloris chloris,fr,,,,
Chloris chloris,es,,,,
Chloris chloris,eo,,,,
Chloris chloris,ru,,,,
Motacilla alba,en,,,,
Motacilla alba,nl,,,,
Motacilla alba,de,,,,
Motacilla alba,fr,,,,
Motacilla alba,es,,,,
Motacilla alba,eo,,,,
Motacilla alba,ru,,,,
Sylvia atricapilla,en,,,,
Sylvia atricapilla,nl,,,,
Sylvia atricapilla,de,"Mönchsgrasmücken passen sich flexibel an mildere Winter an: In den 80er Jahren entdeckten sie England als Überwinterungsgebiet, das auch heute noch genutzt wird.",,,
Sylvia atricapilla,fr,,,,
Sylvia atricapilla,es,,,,
Sylvia atricapilla,eo,,,,
Sylvia atricapilla,ru,,,,
Cygnus olor,en,,,,
Cygnus olor,nl,,,,
Cygnus olor,de,"Der elegante Schwan gilt häufig als Symbol der Liebe, allerdings zeigt er im Frühjahr am Brutplatz ein aggressives Verhalten gegenüber potenziellen Feinden.",,,
Cygnus olor,fr,,,,
Cygnus olor,es,,,,
Cygnus olor,eo,,,,
Cygnus olor,ru,,,,
Anser anser,en,,,,
Anser anser,nl,,,,
Anser anser,de,Bei Graugänsen gibt es auch gleichgeschlechtliche Partnerschaften zwischen Männchen.,,,
Anser anser,fr,,,,
Anser anser,es,,,,
Anser anser,eo,,,,
Anser anser,ru,,,,
Carduelis carduelis,en,,,,
Carduelis carduelis,nl,,,,
Carduelis carduelis,de,"Einer Sage nach hat der Stieglitz, um den Schmerz zu lindern, einen Dorn aus der Haut Jesu Christi gezogen und kam durch das heilige Blut an seine rote Gesichtsmaske.",,,
Carduelis carduelis,fr,,,,
Carduelis carduelis,es,,,,
Carduelis carduelis,eo,,,,
Carduelis carduelis,ru,,,,
Falco tinnunculus,en,,,,
Falco tinnunculus,nl,,,,
Falco tinnunculus,de,Als einzige der in Deutschland brütenden Falkenarten ist das Aussehen von Männlein und Weiblein beim Turmfalken unterschiedlich.,,,
Falco tinnunculus,fr,,,,
Falco tinnunculus,es,,,,
Falco tinnunculus,eo,,,,
Falco tinnunculus,ru,,,,
Chroicocephalus ridibundus,en,,,,
Chroicocephalus ridibundus,nl,,,,
Chroicocephalus ridibundus,de,"Den Zugang in die Brutkolonie erhalten Lachmöwen erst, wenn im dritten Lebensjahr ihr Kopf eindeutig dunkel gefärbt ist.",,,
Chroicocephalus ridibundus,fr,,,,
Chroicocephalus ridibundus,es,,,,
Chroicocephalus ridibundus,eo,,,,
Chroicocephalus ridibundus,ru,,,,
Hirundo rustica,en,,,,
Hirundo rustica,nl,,,,
Hirundo rustica,de,Rauchschwalben fliegen bis zu 20 Meter pro Sekunde bei vier bis zehn Flügelschlägen.,,,
Hirundo rustica,fr,,,,
Hirundo rustica,es,,,,
Hirundo rustica,eo,,,,
Hirundo rustica,ru,,,,
Aythya fuligula,en,,,,
Aythya fuligula,nl,,,,
Aythya fuligula,de,,,,
Aythya fuligula,fr,,,,
Aythya fuligula,es,,,,
Aythya fuligula,eo,,,,
Aythya fuligula,ru,,,,
Emberiza citrinella,en,,,,
Emberiza citrinella,nl,,,,
Emberiza citrinella,de,"Merksprüche für Vogelgesänge sind meistens etwas albern, helfen aber garantiert. Bei der Goldammer hört man mit etwas Fantasie ein „wie-wie-wie hab ich die liiiieb“.",,,
Emberiza citrinella,fr,,,,
Emberiza citrinella,es,,,,
Emberiza citrinella,eo,,,,
Emberiza citrinella,ru,,,,
Columba livia domestica,en,,,,
Columba livia domestica,nl,,,,
Columba livia domestica,de,,,,
Columba livia domestica,fr,,,,
Columba livia domestica,es,,,,
Columba livia domestica,eo,,,,
Columba livia domestica,ru,,,,
Turdus philomelos,en,,,,
Turdus philomelos,nl,,,,
Turdus philomelos,de,"Singdrosseln fressen gerne Schnecken, deren Häuser sie auf einem Stein aufknacken. Solche Plätze mit zerschlagenen Schneckenhäusern werden „Drosselschmiede“ genannt.",,,
Turdus philomelos,fr,,,,
Turdus philomelos,es,,,,
Turdus philomelos,eo,,,,
Turdus philomelos,ru,,,,
Alopochen aegyptiaca,en,,,,
Alopochen aegyptiaca,nl,,,,
Alopochen aegyptiaca,de,Beim Brutplatz ist die Nilgans nicht wählerisch. Man findet ihre Nester in Storchenhorsten oder auf Brückenpfeilern.,,,
Alopochen aegyptiaca,fr,,,,
Alopochen aegyptiaca,es,,,,
Alopochen aegyptiaca,eo,,,,
Alopochen aegyptiaca,ru,,,,
Podiceps cristatus,en,,,,
Podiceps cristatus,nl,,,,
Podiceps cristatus,de,Haubentaucher können bis zu 45 Sekunden unter Wasser bleiben.,,,
Podiceps cristatus,fr,,,,
Podiceps cristatus,es,,,,
Podiceps cristatus,eo,,,,
Podiceps cristatus,ru,,,,
Passer montanus,en,,,,
Passer montanus,nl,,,,
Passer montanus,de,Feldsperlinge sind sehr treue Gesellen und gehen eine lebenslange Partnerschaft ein. Im Winter kuscheln sie sich gerne mit anderen Feldsperlingen in einen Nistkasten.,,,
Passer montanus,fr,,,,
Passer montanus,es,,,,
Passer montanus,eo,,,,
Passer montanus,ru,,,,
Corvus monedula,en,,,,
Corvus monedula,nl,,,,
Corvus monedula,de,Dohlen sind hochintelligente und sehr soziale Vögel. Sie kümmern sich sogar um kranke Tiere und helfen bei der Versorgung anderer Jungtiere.,,,
Corvus monedula,fr,,,,
Corvus monedula,es,,,,
Corvus monedula,eo,,,,
Corvus monedula,ru,,,,
Phoenicurus ochruros,en,,,,
Phoenicurus ochruros,nl,,,,
Phoenicurus ochruros,de,Mancherorts gilt der Hausrotschwanz als Glücksbringer.,,,
Phoenicurus ochruros,fr,,,,
Phoenicurus ochruros,es,,,,
Phoenicurus ochruros,eo,,,,
Phoenicurus ochruros,ru,,,,
Apus apus,en,,,,
Apus apus,nl,,,,
Apus apus,de,Außerhalb der Fortpflanzungszeit verbringen Mauersegler mehrere Monate lang fliegend. Dabei können sie sogar schlafen und im Flug Sex haben.,,,
Apus apus,fr,,,,
Apus apus,es,,,,
Apus apus,eo,,,,
Apus apus,ru,,,,
Turdus pilaris,en,,,,
Turdus pilaris,nl,,,,
Turdus pilaris,de,"Kommt ein Greifvogel der brütenden Kolonie zu nah, attackieren die Drosseln den Feind und bespritzen ihn mit Kot, sodass er sogar kurzzeitig nicht mehr fliegen kann.",,,
Turdus pilaris,fr,,,,
Turdus pilaris,es,,,,
Turdus pilaris,eo,,,,
Turdus pilaris,ru,,,,
Certhia brachydactyla,en,,,,
Certhia brachydactyla,nl,,,,
Certhia brachydactyla,de,"In kalten Nächten schlafen Gartenbaumläufer in Gruppen und wechseln immer wieder die Position, sodass jeder mal den wärmsten Platz in der Mitte hat",,,
Certhia brachydactyla,fr,,,,
Certhia brachydactyla,es,,,,
Certhia brachydactyla,eo,,,,
Certhia brachydactyla,ru,,,,
Gallinula chloropus,en,,,,
Gallinula chloropus,nl,,,,
Gallinula chloropus,de,,,,
Gallinula chloropus,fr,,,,
Gallinula chloropus,es,,,,
Gallinula chloropus,eo,,,,
Gallinula chloropus,ru,,,,
Ardea alba,en,,,,
Ardea alba,nl,,,,
Ardea alba,de,"Es ist vermutlich nur noch eine Frage der Zeit, bis er hier ein regelmäßiger Brutvogel wird.",,,
Ardea alba,fr,,,,
Ardea alba,es,,,,
Ardea alba,eo,,,,
Ardea alba,ru,,,,
Delichon urbicum,en,,,,
Delichon urbicum,nl,,,,
Delichon urbicum,de,Ein Lehmnest besteht aus bis zu 1500 gesammelten Lehmkügelchen.,,,
Delichon urbicum,fr,,,,
Delichon urbicum,es,,,,
Delichon urbicum,eo,,,,
Delichon urbicum,ru,,,,
Mareca strepera,en,,,,
Mareca strepera,nl,,,,
Mareca strepera,de,Der Artname „strepera“ aus dem Lateinischen bedeutet „lautstark“ und passt somit zur deutschen Artbezeichnung.,,,
Mareca strepera,fr,,,,
Mareca strepera,es,,,,
Mareca strepera,eo,,,,
Mareca strepera,ru,,,,
Prunella modularis,en,,,,
Prunella modularis,nl,,,,
Prunella modularis,de,"Treu sind Heckenbraunellen nicht gerade, deshalb können die Küken aus einem Nest auch von verschiedenen Männchen abstammen.",,,
Prunella modularis,fr,,,,
Prunella modularis,es,,,,
Prunella modularis,eo,,,,
Prunella modularis,ru,,,,
Aegithalos caudatus,en,,,,
Aegithalos caudatus,nl,,,,
Aegithalos caudatus,de,Die dünnen und langen Schwanzfedern machen 60 Prozent der Körperlänge aus.,,,
Aegithalos caudatus,fr,,,,
Aegithalos caudatus,es,,,,
Aegithalos caudatus,eo,,,,
Aegithalos caudatus,ru,,,,
Alauda arvensis,en,,,,
Alauda arvensis,nl,,,,
Alauda arvensis,de,Sie sind sehr ausdauernd und können bis zu 15 Minuten lang im Singflug ihre Strophen vortragen. Dabei steigen sie bis zu 100 Metern auf – eine gewaltige Atemleistung.,,,
Alauda arvensis,fr,,,,
Alauda arvensis,es,,,,
Alauda arvensis,eo,,,,
Alauda arvensis,ru,,,,
Branta canadensis,en,,,,
Branta canadensis,nl,,,,
Branta canadensis,de,"Wenn Kanadagänse selber keinen Bruterfolg hatten, entführen sie auch schon mal den Nachwuchs von Artgenossen.",,,
Branta canadensis,fr,,,,
Branta canadensis,es,,,,
Branta canadensis,eo,,,,
Branta canadensis,ru,,,,
Streptopelia decaocto,en,,,,
Streptopelia decaocto,nl,,,,
Streptopelia decaocto,de,Sie sind sehr frühreif. Die erste Brut kann mitunter drei bis vier Monate nach dem Schlüpfen begonnen werden.,,,
Streptopelia decaocto,fr,,,,
Streptopelia decaocto,es,,,,
Streptopelia decaocto,eo,,,,
Streptopelia decaocto,ru,,,,
Poecile palustris,en,,"If marsh tits find a good supply start to hoard seeds, hiding them for a rainy day. Their hippocampus is large, bigger than a great tit's",,
Poecile palustris,nl,,,,
Poecile palustris,de,Die Sumpfmeise wird auch „Nonnenmeise“ genannt.,,,
Poecile palustris,fr,,,,
Poecile palustris,es,,,,
Poecile palustris,eo,,,,
Poecile palustris,ru,,,,
Tachybaptus ruficollis,en,,,,
Tachybaptus ruficollis,nl,,,,
Tachybaptus ruficollis,de,"Bei Gefahr entscheidet er sich immer für den Rückzug. Er taucht einfach ab und warnt seine Artgenossen, indem er mit den Hinterfüßen Wasser aufspritzt.",,,
Tachybaptus ruficollis,fr,,,,
Tachybaptus ruficollis,es,,,,
Tachybaptus ruficollis,eo,,,,
Tachybaptus ruficollis,ru,,,,
Pyrrhula pyrrhula,en,,,,
Pyrrhula pyrrhula,nl,,,,
Pyrrhula pyrrhula,de,Der Name „Dompfaff“ spielt auf die roten Talare der Geistlichen in der Kirche an. Der kompakten Gestalt verdanken sie ihren englischen Namen „Bullfinch“.,,,
Pyrrhula pyrrhula,fr,,,,
Pyrrhula pyrrhula,es,,,,
Pyrrhula pyrrhula,eo,,,,
Pyrrhula pyrrhula,ru,,,,
Vanellus vanellus,en,,,,
Vanellus vanellus,nl,,,,
Vanellus vanellus,de,"Männchen scharren kleine Mulden in den Boden und rupfen Gräser, um die Weibchen mit diesem sogenannten „Scheinnisten“ von ihren Nestbau-Qualitäten zu überzeugen.",,,
Vanellus vanellus,fr,,,,
Vanellus vanellus,es,,,,
Vanellus vanellus,eo,,,,
Vanellus vanellus,ru,,,,
Anas crecca,en,,,,
Anas crecca,nl,,,,
Anas crecca,de,"Verlässt das Weibchen während der Brutzeit das Nest, wird es vom Männchen stets eng begleitet.",,,
Anas crecca,fr,,,,
Anas crecca,es,,,,
Anas crecca,eo,,,,
Anas crecca,ru,,,,
Milvus milvus,en,,,,
Milvus milvus,nl,,,,
Milvus milvus,de,"Es gibt keine andere Vogelart, von der ein so großer Anteil des Weltbestandes in Deutschland brütet.",,,
Milvus milvus,fr,,,,
Milvus milvus,es,,,,
Milvus milvus,eo,,,,
Milvus milvus,ru,,,,
Emberiza schoeniclus,en,,,,
Emberiza schoeniclus,nl,,,,
Emberiza schoeniclus,de,,,,
Emberiza schoeniclus,fr,,,,
Emberiza schoeniclus,es,,,,
Emberiza schoeniclus,eo,,,,
Emberiza schoeniclus,ru,,,,
Aythya ferina,en,,,,
Aythya ferina,nl,,,,
Aythya ferina,de,Die Tafelente wurde früher gerne verspeist. Der lateinische Begriff „ferina“ bedeutet „Wildbret“.,,,
Aythya ferina,fr,,,,
Aythya ferina,es,,,,
Aythya ferina,eo,,,,
Aythya ferina,ru,,,,
Corvus cornix,en,,,,
Corvus cornix,nl,,,,
Corvus cornix,de,"Im Osten Deutschlands ist die Nebelkrähe häufig, im Westen trifft man eher auf Rabenkrähen. Im Überschneidungsgebiet sind häufig Hybriden unterwegs.",,,
Corvus cornix,fr,,,,
Corvus cornix,es,,,,
Corvus cornix,eo,,,,
Corvus cornix,ru,,,,
Corvus corax,en,,,,
Corvus corax,nl,,,,
Corvus corax,de,Kolkraben nutzen eine eigene Sprache. Bis zu 79 verschiedene Rufe konnten nachgewiesen werden. Sogar Regeln für den Gebrauch gibt es.,,,
Corvus corax,fr,,,,
Corvus corax,es,,,,
Corvus corax,eo,,,,
Corvus corax,ru,,,,
Regulus regulus,en,,,,
Regulus regulus,nl,,,,
Regulus regulus,de,Die winzigen Weibchen können bis zu zwölf Eier legen. Das Gelege kann dann bis zu anderthalbmal so viel wiegen wie der Vogel.,,,
Regulus regulus,fr,,,,
Regulus regulus,es,,,,
Regulus regulus,eo,,,,
Regulus regulus,ru,,,,
Spinus spinus,en,,,,
Spinus spinus,nl,,,,
Spinus spinus,de,,,,
Spinus spinus,fr,,,,
Spinus spinus,es,,,,
Spinus spinus,eo,,,,
Spinus spinus,ru,,,,
Phylloscopus trochilus,en,,,,
Phylloscopus trochilus,nl,,,,
Phylloscopus trochilus,de,Der Fitis mag es gerne schick. Er mausert als einzige europäische Vogelart sein Großgefieder gleich zwei Mal im Jahr.,,,
Phylloscopus trochilus,fr,,,,
Phylloscopus trochilus,es,,,,
Phylloscopus trochilus,eo,,,,
Phylloscopus trochilus,ru,,,,
Alcedo atthis,en,,,,
Alcedo atthis,nl,,,,
Alcedo atthis,de,"Eisvögel praktizieren die Schachtelbrut: Das Weibchen brütet oft schon auf dem zweiten Gelege, während das Männchen noch die Küken aus dem vorherigen Gelege füttert.",,,
Alcedo atthis,fr,,,,
Alcedo atthis,es,,,,
Alcedo atthis,eo,,,,
Alcedo atthis,ru,,,,
Larus argentatus,en,,,,
Larus argentatus,nl,,,,
Larus argentatus,de,In Berlin brüten Silbermöwen seit kurzem auf dem Bundeskanzleramt.,,,
Larus argentatus,fr,,,,
Larus argentatus,es,,,,
Larus argentatus,eo,,,,
Larus argentatus,ru,,,,
Coccothraustes coccothraustes,en,,,,
Coccothraustes coccothraustes,nl,,,,
Coccothraustes coccothraustes,de,Mit seinem Schnabel kann er einen Druck bis zu 50 Kilogramm aufbauen und so locker Nüsse und Kerne knacken.,,,
Coccothraustes coccothraustes,fr,,,,
Coccothraustes coccothraustes,es,,,,
Coccothraustes coccothraustes,eo,,,,
Coccothraustes coccothraustes,ru,,,,
Linaria cannabina,en,,,,
Linaria cannabina,nl,,,,
Linaria cannabina,de,,,,
Linaria cannabina,fr,,,,
Linaria cannabina,es,,,,
Linaria cannabina,eo,,,,
Linaria cannabina,ru,,,,
Cuculus canorus,en,,,,
Cuculus canorus,nl,,,,
Cuculus canorus,de,Farbe und Größe der Kuckuckseier sind variabel. Sie richten sich nach dem Aussehen der Eier der Wirtsvögel.,,,
Cuculus canorus,fr,,,,
Cuculus canorus,es,,,,
Cuculus canorus,eo,,,,
Cuculus canorus,ru,,,,
Phasianus colchicus,en,,,,
Phasianus colchicus,nl,,,,
Phasianus colchicus,de,,,,
Phasianus colchicus,fr,,,,
Phasianus colchicus,es,,,,
Phasianus colchicus,eo,,,,
Phasianus colchicus,ru,,,,
Ciconia ciconia,en,,,,
Ciconia ciconia,nl,,,,
Ciconia ciconia,de,"Der Weißstorch wird auch „Klapperstorch“ genannt, was auf das laute, charakteristische Klappern des Schnabels am Nest zurückzuführen ist.",,,
Ciconia ciconia,fr,,,,
Ciconia ciconia,es,,,,
Ciconia ciconia,eo,,,,
Ciconia ciconia,ru,,,,
Corvus frugilegus,en,,,,
Corvus frugilegus,nl,,,,
Corvus frugilegus,de,"Saatkrähen machen sich während der Balzzeit gegenseitig Geschenke, meist in Form von Futter.",,,
Corvus frugilegus,fr,,,,
Corvus frugilegus,es,,,,
Corvus frugilegus,eo,,,,
Corvus frugilegus,ru,,,,
Accipiter nisus,en,,,,
Accipiter nisus,nl,,,,
Accipiter nisus,de,"Neuerdings brüten Sperber auch mitten in Großstädten, zum Beispiel auf Friedhöfen oder in Parks.",,,
Accipiter nisus,fr,,,,
Accipiter nisus,es,,,,
Accipiter nisus,eo,,,,
Accipiter nisus,ru,,,,
Spatula clypeata,en,,,,
Spatula clypeata,nl,,,,
Spatula clypeata,de,Löffelenten brüten auch in wiedervernässten Hochmooren nach dem Torfabbau.,,,
Spatula clypeata,fr,,,,
Spatula clypeata,es,,,,
Spatula clypeata,eo,,,,
Spatula clypeata,ru,,,,
Mergus merganser,en,,,,
Mergus merganser,nl,,,,
Mergus merganser,de,"Frisch geschlüpfte Jungen müssen sich gegebenenfalls einige Meter tief aus dem Nest auf den Boden stürzen. Dies meistern sie, ohne Schaden davonzutragen.",,,
Mergus merganser,fr,,,,
Mergus merganser,es,,,,
Mergus merganser,eo,,,,
Mergus merganser,ru,,,,
Curruca communis,en,,,,
Curruca communis,nl,,,,
Curruca communis,de,,,,
Curruca communis,fr,,,,
Curruca communis,es,,,,
Curruca communis,eo,,,,
Curruca communis,ru,,,,
Turdus viscivorus,en,,,,
Turdus viscivorus,nl,,,,
Turdus viscivorus,de,Durch das Auskoten der Beeren trägt die Misteldrossel stark zur Verbreitung der Pflanze bei und verteidigt „ihre Mistelbäume“ aggressiv gegenüber Nahrungskonkurrenten.,,,
Turdus viscivorus,fr,,,,
Turdus viscivorus,es,,,,
Turdus viscivorus,eo,,,,
Turdus viscivorus,ru,,,,
Mareca penelope,en,,,,
Mareca penelope,nl,,,,
Mareca penelope,de,Für ihre nächtliche Nahrungssuche hat die Pfeifente eine reflektierende Schicht im Auge. Wie eine Katze kann sie damit auch nachts sehr gut sehen.,,,
Mareca penelope,fr,,,,
Mareca penelope,es,,,,
Mareca penelope,eo,,,,
Mareca penelope,ru,,,,
Periparus ater,en,,,,
Periparus ater,nl,,,,
Periparus ater,de,"20- bis 56-mal fliegt die Tannenmeise stündlich mit Nahrung zu den Jungen, wenn sie größer sind.",,,
Periparus ater,fr,,,,
Periparus ater,es,,,,
Periparus ater,eo,,,,
Periparus ater,ru,,,,
Motacilla flava,en,,,,
Motacilla flava,nl,,,,
Motacilla flava,de,"Ihren Namen verdankt sie der Eigenschaft, Weidetieren auf der Suche nach Nahrung zu folgen und von ihnen aufgescheuchte Insekten zu fressen.",,,
Motacilla flava,fr,,,,
Motacilla flava,es,,,,
Motacilla flava,eo,,,,
Motacilla flava,ru,,,,
Anthus pratensis,en,,,,
Anthus pratensis,nl,,,,
Anthus pratensis,de,Der Kuckuck legt gern sein Ei in das Nest des Wiesenpiepers.,,,
Anthus pratensis,fr,,,,
Anthus pratensis,es,,,,
Anthus pratensis,eo,,,,
Anthus pratensis,ru,,,,
Larus canus,en,,,,
Larus canus,nl,,,,
Larus canus,de,Die älteste beringte Sturmmöwe war über 33 Jahre alt.,,,
Larus canus,fr,,,,
Larus canus,es,,,,
Larus canus,eo,,,,
Larus canus,ru,,,,
Acrocephalus scirpaceus,en,,,,
Acrocephalus scirpaceus,nl,,,,
Acrocephalus scirpaceus,de,"Der Teichrohrsänger ist ein Schnellflieger unter den Vögeln, pro Sekunde schafft er in etwa zehn Meter.",,,
Acrocephalus scirpaceus,fr,,,,
Acrocephalus scirpaceus,es,,,,
Acrocephalus scirpaceus,eo,,,,
Acrocephalus scirpaceus,ru,,,,
Circus aeruginosus,en,,,,
Circus aeruginosus,nl,,,,
Circus aeruginosus,de,"Ihr Name deutet darauf hin, dass sie häufig in Röhrichten brütet.",,,
Circus aeruginosus,fr,,,,
Circus aeruginosus,es,,,,
Circus aeruginosus,eo,,,,
Circus aeruginosus,ru,,,,
Motacilla cinerea,en,,,,
Motacilla cinerea,nl,,,,
Motacilla cinerea,de,"Das schnelle Wippen des Schwanzes ist wahrscheinlich als Signal zu deuten, weniger als Balancehilfe.",,,
Motacilla cinerea,fr,,,,
Motacilla cinerea,es,,,,
Motacilla cinerea,eo,,,,
Motacilla cinerea,ru,,,,
Bucephala clangula,en,,,,
Bucephala clangula,nl,,,,
Bucephala clangula,de,Die gerade geschlüpften Schellentenküken springen aus den Nisthöhlen zum Teil über zehn Meter auf den Boden und tun sich nichts.,,,
Bucephala clangula,fr,,,,
Bucephala clangula,es,,,,
Bucephala clangula,eo,,,,
Bucephala clangula,ru,,,,
Larus michahellis,en,,,,
Larus michahellis,nl,,,,
Larus michahellis,de,Den ersten Brutnachweis für Deutschland gab es erst im Jahre 1987.,,,
Larus michahellis,fr,,,,
Larus michahellis,es,,,,
Larus michahellis,eo,,,,
Larus michahellis,ru,,,,
Sylvia borin,en,,,,
Sylvia borin,nl,,,,
Sylvia borin,de,"Der Name stammt wahrscheinlich von „gra“ für „grau“ und „smücke“ für „Ducker“, was die Vögel recht gut charakterisiert.",,,
Sylvia borin,fr,,,,
Sylvia borin,es,,,,
Sylvia borin,eo,,,,
Sylvia borin,ru,,,,
Grus grus,en,,,,
Grus grus,nl,,,,
Grus grus,de,Im Havelland wurden an einem Tag bis zu 80.000 Kraniche beim Rasten gezählt.,,,
Grus grus,fr,,,,
Grus grus,es,,,,
Grus grus,eo,,,,
Grus grus,ru,,,,
Milvus migrans,en,,,,
Milvus migrans,nl,,,,
Milvus migrans,de,Der schwedische Name „Brun Glada“ (Braunmilan) wird seinem dunkelbraunen Federkleid deutlich gerechter.,,,
Milvus migrans,fr,,,,
Milvus migrans,es,,,,
Milvus migrans,eo,,,,
Milvus migrans,ru,,,,
Columba oenas,en,,,,
Columba oenas,nl,,,,
Columba oenas,de,,,,
Columba oenas,fr,,,,
Columba oenas,es,,,,
Columba oenas,eo,,,,
Columba oenas,ru,,,,
Tadorna tadorna,en,,,,
Tadorna tadorna,nl,,,,
Tadorna tadorna,de,In einem Brandgans-Kindergarten können sich bis zu 100 Küken tummeln.,,,
Tadorna tadorna,fr,,,,
Tadorna tadorna,es,,,,
Tadorna tadorna,eo,,,,
Tadorna tadorna,ru,,,,
Serinus serinus,en,,,,
Serinus serinus,nl,,,,
Serinus serinus,de,"Der Girlitz singt seinen eigenen Namen – gut zu merken, oder? Ansonsten hilft auch der Vergleich mit einer quietschenden Fahrradkette.",,,
Serinus serinus,fr,,,,
Serinus serinus,es,,,,
Serinus serinus,eo,,,,
Serinus serinus,ru,,,,
Regulus ignicapilla,en,,,,
Regulus ignicapilla,nl,,,,
Regulus ignicapilla,de,Dank des markanten Kopfmusters hat das winzige Sommergoldhähnchen einen sehr grimmigen Gesichtsausdruck.,,,
Regulus ignicapilla,fr,,,,
Regulus ignicapilla,es,,,,
Regulus ignicapilla,eo,,,,
Regulus ignicapilla,ru,,,,
Lanius collurio,en,,,,
Lanius collurio,nl,,,,
Lanius collurio,de,"Neben der Vorratshaltung der Beute scheint auch das Vorbereiten der Nahrung wichtig zu sein: Die Beutetiere werden an Dornen zerteilt, aufgebrochen oder entstachelt.",,,
Lanius collurio,fr,,,,
Lanius collurio,es,,,,
Lanius collurio,eo,,,,
Lanius collurio,ru,,,,
Gallinago gallinago,en,,,,
Gallinago gallinago,nl,,,,
Gallinago gallinago,de,"Den Spitznamen „Himmelsziege“ verdankt sie dem meckernden Geräusch, das beim Balzflug des Männchens durch das Vibrieren der Steuerfedern erzeugt wird.",,,
Gallinago gallinago,fr,,,,
Gallinago gallinago,es,,,,
Gallinago gallinago,eo,,,,
Gallinago gallinago,ru,,,,
Lophophanes cristatus,en,,,,
Lophophanes cristatus,nl,,,,
Lophophanes cristatus,de,Die Haubenmeise ist die einzige europäische Meisenart mit einer voll ausgeprägten Haube.,,,
Lophophanes cristatus,fr,,,,
Lophophanes cristatus,es,,,,
Lophophanes cristatus,eo,,,,
Lophophanes cristatus,ru,,,,
Dryocopus martius,en,,,,
Dryocopus martius,nl,,,,
Dryocopus martius,de,Sein wissenschaftlicher Gattungsname bedeutet so viel wie „kriegerischer Eichenhämmerer“.,,,
Dryocopus martius,fr,,,,
Dryocopus martius,es,,,,
Dryocopus martius,eo,,,,
Dryocopus martius,ru,,,,
Turdus iliacus,en,,,,
Turdus iliacus,nl,,,,
Turdus iliacus,de,Auf dem Weg ins Winter- oder Brutquartier fliegen Rotdrosseln oft in großen Trupps. Ihre Silhouette erinnert dabei ein wenig an die von Staren.,,,
Turdus iliacus,fr,,,,
Turdus iliacus,es,,,,
Turdus iliacus,eo,,,,
Turdus iliacus,ru,,,,
Saxicola rubicola,en,,,,
Saxicola rubicola,nl,,,,
Saxicola rubicola,de,Der wissenschaftlich Name „rubicola“ bedeutet „Brombeerstrauch-Bewohner“. Einzelne Sträucher auf einer sonst offenen Fläche fliegt das Schwarzkehlchen gerne an.,,,
Saxicola rubicola,fr,,,,
Saxicola rubicola,es,,,,
Saxicola rubicola,eo,,,,
Saxicola rubicola,ru,,,,
Luscinia megarhynchos,en,,,,
Luscinia megarhynchos,nl,,,,
Luscinia megarhynchos,de,"Jedes Männchen hat ein komplexes Repertoire von bis zu 200 Strophentypen. Im Brutgebiet singen sie rund um die Uhr, wenn sie ein Weibchen gefunden haben nur noch tagsüber.",,,
Luscinia megarhynchos,fr,,,,
Luscinia megarhynchos,es,,,,
Luscinia megarhynchos,eo,,,,
Luscinia megarhynchos,ru,,,,
Picus viridis,en,,,,
Picus viridis,nl,,,,
Picus viridis,de,Bis zu zehn Zentimeter kann die lange Zunge des Grünspechtes aus seinem Schnabel hervorschnellen – perfekt für die Ameisenjagd!,,,
Picus viridis,fr,,,,
Picus viridis,es,,,,
Picus viridis,eo,,,,
Picus viridis,ru,,,,
Anser albifrons,en,,,,
Anser albifrons,nl,,,,
Anser albifrons,de,Die älteste beringte wilde Blässgans war 25 Jahre alt.,,,
Anser albifrons,fr,,,,
Anser albifrons,es,,,,
Anser albifrons,eo,,,,
Anser albifrons,ru,,,,
Netta rufina,en,,,,
Netta rufina,nl,,,,
Netta rufina,de,Die Kolbenente legt einen außergewöhnlich hohen Teil ihrer Eier in fremde Nester. Diese werden dann von einem anderen Weibchen ausgebrütet.,,,
Netta rufina,fr,,,,
Netta rufina,es,,,,
Netta rufina,eo,,,,
Netta rufina,ru,,,,
Numenius arquata,en,,,,
Numenius arquata,nl,,,,
Numenius arquata,de,Sein langer nach unten gebogener Schnabel ist ein echter Hingucker.,,,
Numenius arquata,fr,,,,
Numenius arquata,es,,,,
Numenius arquata,eo,,,,
Numenius arquata,ru,,,,
Certhia familiaris,en,,,,
Certhia familiaris,nl,,,,
Certhia familiaris,de,Waldbaumläufer laufen am Tag eine Strecke von bis zu drei Kilometern an Bäumen hoch.,,,
Certhia familiaris,fr,,,,
Certhia familiaris,es,,,,
Certhia familiaris,eo,,,,
Certhia familiaris,ru,,,,
Phoenicurus phoenicurus,en,,,,
Phoenicurus phoenicurus,nl,,,,
Phoenicurus phoenicurus,de,,,,
Phoenicurus phoenicurus,fr,,,,
Phoenicurus phoenicurus,es,,,,
Phoenicurus phoenicurus,eo,,,,
Phoenicurus phoenicurus,ru,,,,
Curruca curruca,en,,,,
Curruca curruca,nl,,,,
Curruca curruca,de,,,,
Curruca curruca,fr,,,,
Curruca curruca,es,,,,
Curruca curruca,eo,,,,
Curruca curruca,ru,,,,
Haematopus ostralegus,en,,,,
Haematopus ostralegus,nl,,,,
Haematopus ostralegus,de,"Der Name ist etwas irreführend: Weder frisst er häufig Austern, noch fischt er. Er bevorzugt andere Muscheln, Würmer und Krebse.",,,
Haematopus ostralegus,fr,,,,
Haematopus ostralegus,es,,,,
Haematopus ostralegus,eo,,,,
Haematopus ostralegus,ru,,,,
Muscicapa striata,en,,,,
Muscicapa striata,nl,,,,
Muscicapa striata,de,"Neben Baumhöhlen, Astgabeln, Mauerlöchern oder Rankenpflanzen nistet er auch gerne mal in Schwalbennestern, hinter Fensterläden und in Blumenkästen.",,,
Muscicapa striata,fr,,,,
Muscicapa striata,es,,,,
Muscicapa striata,eo,,,,
Muscicapa striata,ru,,,,
Poecile montanus,en,,,,
Poecile montanus,nl,,,,
Poecile montanus,de,Die Weidenmeise wird auch „Mönchsmeise“ genannt.,,,
Poecile montanus,fr,,,,
Poecile montanus,es,,,,
Poecile montanus,eo,,,,
Poecile montanus,ru,,,,
Branta leucopsis,en,,,,
Branta leucopsis,nl,,,,
Branta leucopsis,de,Die Hinterlassenschaften brütender Weißwangengänse liegen ringförmig um ihr Nest.,,,
Branta leucopsis,fr,,,,
Branta leucopsis,es,,,,
Branta leucopsis,eo,,,,
Branta leucopsis,ru,,,,
Fringilla montifringilla,en,,,,
Fringilla montifringilla,nl,,,,
Fringilla montifringilla,de,"Die nächtliche „Böhämmerjagd“ war bis 1908 in der Pfalz sehr beliebt. Die Vögel saßen eng aufgereiht und rückten einfach nach, wenn durch Abschuss eine Lücke entstand.",,,
Fringilla montifringilla,fr,,,,
Fringilla montifringilla,es,,,,
Fringilla montifringilla,eo,,,,
Fringilla montifringilla,ru,,,,
Dendrocoptes medius,en,,,,
Dendrocoptes medius,nl,,,,
Dendrocoptes medius,de,Baumsaft spielt für die Ernährung des Mittelspechts eine wichtige Rolle. Mit seiner langen Zunge wird dieser vom Stamm abgeleckt.,,,
Dendrocoptes medius,fr,,,,
Dendrocoptes medius,es,,,,
Dendrocoptes medius,eo,,,,
Dendrocoptes medius,ru,,,,
Accipiter gentilis,en,,,,
Accipiter gentilis,nl,,,,
Accipiter gentilis,de,"Viele Geflügelzüchter haben das ein oder andere abergläubsiche Ritual entwickelt, um ihre Tiere vor dem mächtigen Greifvogel zu schützen.",,,
Accipiter gentilis,fr,,,,
Accipiter gentilis,es,,,,
Accipiter gentilis,eo,,,,
Accipiter gentilis,ru,,,,
Riparia riparia,en,,,,
Riparia riparia,nl,,,,
Riparia riparia,de,Auf dem beschwerlichen Zug in die Wintergebiete übernachten die sonst in Röhren brütenden Vögel in Schilfbeständen.,,,
Riparia riparia,fr,,,,
Riparia riparia,es,,,,
Riparia riparia,eo,,,,
Riparia riparia,ru,,,,
Larus marinus,en,,,,
Larus marinus,nl,,,,
Larus marinus,de,Mutige Mantelmöwen jagen sogar Seeadlern und Heringshaien die Beute ab.,,,
Larus marinus,fr,,,,
Larus marinus,es,,,,
Larus marinus,eo,,,,
Larus marinus,ru,,,,
Haliaeetus albicilla,en,,,,
Haliaeetus albicilla,nl,,,,
Haliaeetus albicilla,de,Der Horst eines Seeadlers kann einen Durchmesser von bis zu zwei Metern erreichen.,,,
Haliaeetus albicilla,fr,,,,
Haliaeetus albicilla,es,,,,
Haliaeetus albicilla,eo,,,,
Haliaeetus albicilla,ru,,,,
Larus fuscus,en,,,,
Larus fuscus,nl,,,,
Larus fuscus,de,,,,
Larus fuscus,fr,,,,
Larus fuscus,es,,,,
Larus fuscus,eo,,,,
Larus fuscus,ru,,,,
Tringa ochropus,en,,,,
Tringa ochropus,nl,,,,
Tringa ochropus,de,,,,
Tringa ochropus,fr,,,,
Tringa ochropus,es,,,,
Tringa ochropus,eo,,,,
Tringa ochropus,ru,,,,
Sterna hirundo,en,,,,
Sterna hirundo,nl,,,,
Sterna hirundo,de,Die Bezeichnung haben sie wohl wegen des gegabelten Schwanzes und des eleganten Flugstils. Sie sind aber mit den Möwen verwandt.,,,
Sterna hirundo,fr,,,,
Sterna hirundo,es,,,,
Sterna hirundo,eo,,,,
Sterna hirundo,ru,,,,
Psittacula krameri,en,,,,
Psittacula krameri,nl,,,,
Psittacula krameri,de,"Halsbandsittiche halten nicht viel vom Baden, viel lieber nehmen sie eine kleine Dusche im Regen oder zwischen nassen Blättern.",,,
Psittacula krameri,fr,,,,
Psittacula krameri,es,,,,
Psittacula krameri,eo,,,,
Psittacula krameri,ru,,,,
Tringa totanus,en,,,,
Tringa totanus,nl,,,,
Tringa totanus,de,"Rotschenkel gehören zu den Watvögeln, die auch Limikolen genannt werden. Unter Vogelkundlern sind sie sehr beliebt und werden häufig liebevoll mit „Limis“ abgekürzt.",,,
Tringa totanus,fr,,,,
Tringa totanus,es,,,,
Tringa totanus,eo,,,,
Tringa totanus,ru,,,,
Acrocephalus palustris,en,,,,
Acrocephalus palustris,nl,,,,
Acrocephalus palustris,de,Entgegen seines Namens trifft man den Sumpfrohrsänger nicht in Sümpfen an.,,,
Acrocephalus palustris,fr,,,,
Acrocephalus palustris,es,,,,
Acrocephalus palustris,eo,,,,
Acrocephalus palustris,ru,,,,
Anthus trivialis,en,,,,
Anthus trivialis,nl,,,,
Anthus trivialis,de,Schon mal einem Baumpieper beim Singflug zugeschaut? Nein? Dann wird es höchste Zeit! Denn der Baumpieper wirkt beim Landen ein bisschen wie ein abstürzendes Segelflugzeug.,,,
Anthus trivialis,fr,,,,
Anthus trivialis,es,,,,
Anthus trivialis,eo,,,,
Anthus trivialis,ru,,,,
Falco peregrinus,en,,,,
Falco peregrinus,nl,,,,
Falco peregrinus,de,,,,
Falco peregrinus,fr,,,,
Falco peregrinus,es,,,,
Falco peregrinus,eo,,,,
Falco peregrinus,ru,,,,
Luscinia svecica,en,,,,
Luscinia svecica,nl,,,,
Luscinia svecica,de,"In den Alpen gibt es teilweise rotsternige Blaukehlchen, die sonst in Skandinavien beheimatet sind. Ob es sich um Eiszeitrelikte oder Neuansiedlungen handelt, ist unklar.",,,
Luscinia svecica,fr,,,,
Luscinia svecica,es,,,,
Luscinia svecica,eo,,,,
Luscinia svecica,ru,,,,
Dryobates minor,en,,,,
Dryobates minor,nl,,,,
Dryobates minor,de,"In Südamerika gibt es noch kleinere Spechtarten, zum Beispiel den Goldstirn-Zwergspecht mit einer Gesamtlänge von nur 7,5 Zentimetern.",,,
Dryobates minor,fr,,,,
Dryobates minor,es,,,,
Dryobates minor,eo,,,,
Dryobates minor,ru,,,,
Falco subbuteo,en,,,,
Falco subbuteo,nl,,,,
Falco subbuteo,de,"Hat er eine Libelle gefangen, knippst er ihr häufig im Flug noch die Flügel mit dem Schnabel ab, um sie dann zu verspeisen.",,,
Falco subbuteo,fr,,,,
Falco subbuteo,es,,,,
Falco subbuteo,eo,,,,
Falco subbuteo,ru,,,,
Acrocephalus schoenobaenus,en,,,,
Acrocephalus schoenobaenus,nl,,,,
Acrocephalus schoenobaenus,de,,,,
Acrocephalus schoenobaenus,fr,,,,
Acrocephalus schoenobaenus,es,,,,
Acrocephalus schoenobaenus,eo,,,,
Acrocephalus schoenobaenus,ru,,,,
Hippolais icterina,en,,,,
Hippolais icterina,nl,,,,
Hippolais icterina,de,Als besonders spät eintreffende und früh abziehende Zugvögel der Gartenvogelwelt verbringen Gelbspötter nur maximal drei Monate des Jahres im Brutgebiet.,,,
Hippolais icterina,fr,,,,
Hippolais icterina,es,,,,
Hippolais icterina,eo,,,,
Hippolais icterina,ru,,,,
Strix aluco,en,,,,
Strix aluco,nl,,,,
Strix aluco,de,Sein Gesang wird regelmäßig in Filmen und Serien bei Einbruch der Nacht eingespielt und ist somit sehr bekannt.,,,
Strix aluco,fr,,,,
Strix aluco,es,,,,
Strix aluco,eo,,,,
Strix aluco,ru,,,,
Ficedula hypoleuca,en,,,,
Ficedula hypoleuca,nl,,,,
Ficedula hypoleuca,de,,,,
Ficedula hypoleuca,fr,,,,
Ficedula hypoleuca,es,,,,
Ficedula hypoleuca,eo,,,,
Ficedula hypoleuca,ru,,,,
Pandion haliaetus,en,,,,
Pandion haliaetus,nl,,,,
Pandion haliaetus,de,Aus der Entfernung wirkt ein Fischadler manchmal wie eine riesige Großmöwe.,,,
Pandion haliaetus,fr,,,,
Pandion haliaetus,es,,,,
Pandion haliaetus,eo,,,,
Pandion haliaetus,ru,,,,
Circus cyaneus,en,,,,
Circus cyaneus,nl,,,,
Circus cyaneus,de,Der Name mag etwas irreführend sein – in Kornfeldern trifft man sie selten an.,,,
Circus cyaneus,fr,,,,
Circus cyaneus,es,,,,
Circus cyaneus,eo,,,,
Circus cyaneus,ru,,,,
Phylloscopus sibilatrix,en,,,,
Phylloscopus sibilatrix,nl,,,,
Phylloscopus sibilatrix,de,Einige Männchen sichern sich lieber ab und werben während der Brut des ersten Weibchens in einem zweiten Territorium um ein weiteres Weibchen.,,,
Phylloscopus sibilatrix,fr,,,,
Phylloscopus sibilatrix,es,,,,
Phylloscopus sibilatrix,eo,,,,
Phylloscopus sibilatrix,ru,,,,
Loxia curvirostra,en,,,,
Loxia curvirostra,nl,,,,
Loxia curvirostra,de,"Sie brüten in jeder Jahreszeit, also auch mitten im Winter, und orientieren sich dabei am Nahrungsangebot.",,,
Loxia curvirostra,fr,,,,
Loxia curvirostra,es,,,,
Loxia curvirostra,eo,,,,
Loxia curvirostra,ru,,,,
Limosa limosa,en,,,,
Limosa limosa,nl,,,,
Limosa limosa,de,Auf der Nahrungssuche stößt sie manchmal den kompletten Schnabel in den Schlickboden.,,,
Limosa limosa,fr,,,,
Limosa limosa,es,,,,
Limosa limosa,eo,,,,
Limosa limosa,ru,,,,
Cygnus cygnus,en,,,,
Cygnus cygnus,nl,,,,
Cygnus cygnus,de,"Singschwäne ziehen häufig als Familie ins Überwinterungsgebiet, trennen sich dann aber im Frühjahr auf dem Rückzug.",,,
Cygnus cygnus,fr,,,,
Cygnus cygnus,es,,,,
Cygnus cygnus,eo,,,,
Cygnus cygnus,ru,,,,
Pernis apivorus,en,,,,
Pernis apivorus,nl,,,,
Pernis apivorus,de,"Seine vergleichsweise wenig stark gebogenen Krallen sind das perfekte Werkzeug, um nach Wespenlarven im Boden zu graben.",,,
Pernis apivorus,fr,,,,
Pernis apivorus,es,,,,
Pernis apivorus,eo,,,,
Pernis apivorus,ru,,,,
Ardea purpurea,en,,,,
Ardea purpurea,nl,,,,
Ardea purpurea,de,Der fortschreitende Klimawandel wird die Ausbreitung des Purpurreihers in Deutschland begünstigen.,,,
Ardea purpurea,fr,,,,
Ardea purpurea,es,,,,
Ardea purpurea,eo,,,,
Ardea purpurea,ru,,,,
Platalea leucorodia,en,,,,
Platalea leucorodia,nl,,,,
Platalea leucorodia,de,"Der Löffler stockt seine Nester immer weiter auf, sodass eine Art Thron entsteht, der eine stattliche Höhe von 50 Zentimetern erreichen kann.",,,
Platalea leucorodia,fr,,,,
Platalea leucorodia,es,,,,
Platalea leucorodia,eo,,,,
Platalea leucorodia,ru,,,,
Perdix perdix,en,,,,
Perdix perdix,nl,,,,
Perdix perdix,de,Für ihre Größe können Rebhühner eine erstaunliche Zahl an Eiern legen – bis zu 20 Stück.,,,
Perdix perdix,fr,,,,
Perdix perdix,es,,,,
Perdix perdix,eo,,,,
Perdix perdix,ru,,,,
Ichthyaetus melanocephalus,en,,,,
Ichthyaetus melanocephalus,nl,,,,
Ichthyaetus melanocephalus,de,"Wenn Schwarzkopfmöwen keinen Partner finden, können Mischbruten mit Lach- oder Sturmmöwen entstehen. Auch die Adoption der Küken von Lachmöwen wurde beobachtet.",,,
Ichthyaetus melanocephalus,fr,,,,
Ichthyaetus melanocephalus,es,,,,
Ichthyaetus melanocephalus,eo,,,,
Ichthyaetus melanocephalus,ru,,,,
Numenius phaeopus,en,,,,
Numenius phaeopus,nl,,,,
Numenius phaeopus,de,Markant ist der kichernde Ruf des Regenbrachvogels.,,,
Numenius phaeopus,fr,,,,
Numenius phaeopus,es,,,,
Numenius phaeopus,eo,,,,
Numenius phaeopus,ru,,,,
Coturnix coturnix,en,,,,
Coturnix coturnix,nl,,,,
Coturnix coturnix,de,Wachteleier sind nur etwa 30 Millimeter groß.,,,
Coturnix coturnix,fr,,,,
Coturnix coturnix,es,,,,
Coturnix coturnix,eo,,,,
Coturnix coturnix,ru,,,,
Asio otus,en,,,,
Asio otus,nl,,,,
Asio otus,de,"Waldohreulen bauen meist nicht selbst ihre Nester, sondern brüten in alten Krähen- oder Greifvogelnestern.",,,
Asio otus,fr,,,,
Asio otus,es,,,,
Asio otus,eo,,,,
Asio otus,ru,,,,
Bubo bubo,en,,,,
Bubo bubo,nl,,,,
Bubo bubo,de,"Die markanten Federohren dienen nicht dem Hören, sondern dazu, die Stimmung wiederzugeben.",,,
Bubo bubo,fr,,,,
Bubo bubo,es,,,,
Bubo bubo,eo,,,,
Bubo bubo,ru,,,,
Asio flammeus,en,,,,
Asio flammeus,nl,,,,
Asio flammeus,de,"Mit ihrem tarnfarbigen Gefieder ist sie so gut an ihre Umgebung angepasst, dass man sie wirklich kaum entdeckt.",,,
Asio flammeus,fr,,,,
Asio flammeus,es,,,,
Asio flammeus,eo,,,,
Asio flammeus,ru,,,,
Athene noctua,en,,,,
Athene noctua,nl,,,,
Athene noctua,de,Sein wissenschaftlichen Namens bedeutet so viel wie „Athene bei Nacht“.,,,
Athene noctua,fr,,,,
Athene noctua,es,,,,
Athene noctua,eo,,,,
Athene noctua,ru,,,,
Luscinia luscinia,en,,,,
Luscinia luscinia,nl,,,,
Luscinia luscinia,de,Sprosser wählen für den Zug in die Winterquartiere eine andere Route als auf dem Rückzug. Ein solches Verhalten nennt man Schleifenzug.,,,
Luscinia luscinia,fr,,,,
Luscinia luscinia,es,,,,
Luscinia luscinia,eo,,,,
Luscinia luscinia,ru,,,,
Cygnus columbianus bewickii,en,,,,
Cygnus columbianus bewickii,nl,,,,
Cygnus columbianus bewickii,de,,,,
Cygnus columbianus bewickii,fr,,,,
Cygnus columbianus bewickii,es,,,,
Cygnus columbianus bewickii,eo,,,,
Cygnus columbianus bewickii,ru,,,,
Tyto alba,en,,,,
Tyto alba,nl,,,,
Tyto alba,de,"Es gibt zwei Farbvarianten der Schleiereule, die scheinbar zufällig in der Population verteilt sind und deren Funktion der Wissenschaft Rätsel aufgibt.",,,
Tyto alba,fr,,,,
Tyto alba,es,,,,
Tyto alba,eo,,,,
Tyto alba,ru,,,,
Saxicola rubetra,en,,,,
Saxicola rubetra,nl,,,,
Saxicola rubetra,de,"Bei Überflug eines Greifvogels nimmt das Braunkehlchen eine „Pfahlstellung“ ein und versucht so, sich unsichtbar zu machen.",,,
Saxicola rubetra,fr,,,,
Saxicola rubetra,es,,,,
Saxicola rubetra,eo,,,,
Saxicola rubetra,ru,,,,
Oenanthe oenanthe,en,,,,
Oenanthe oenanthe,nl,,,,
Oenanthe oenanthe,de,Grönländische und kanadische Steinschmätzer legen jährlich auf ihrem Vogelzug 30.000 Kilometer zurück.,,,
Oenanthe oenanthe,fr,,,,
Oenanthe oenanthe,es,,,,
Oenanthe oenanthe,eo,,,,
Oenanthe oenanthe,ru,,,,
Cinclus cinclus,en,,,,
Cinclus cinclus,nl,,,,
Cinclus cinclus,de,"Sie ist so sehr ans Leben am Wasser angepasst, dass sie sogar unter dem Wasser mehrere Meter laufen kann.",,,
Cinclus cinclus,fr,,,,
Cinclus cinclus,es,,,,
Cinclus cinclus,eo,,,,
Cinclus cinclus,ru,,,,
Tringa nebularia,en,,,,
Tringa nebularia,nl,,,,
Tringa nebularia,de,Auch sein englischer Name „Common Greenshank“ leitet sich von seinen grünen Beinen ab.,,,
Tringa nebularia,fr,,,,
Tringa nebularia,es,,,,
Tringa nebularia,eo,,,,
Tringa nebularia,ru,,,,
Recurvirostra avosetta,en,,,,
Recurvirostra avosetta,nl,,,,
Recurvirostra avosetta,de,Gerade die Küken picken mit ihren eher kurzen Schnäbeln auch nach Nahrung.,,,
Recurvirostra avosetta,fr,,,,
Recurvirostra avosetta,es,,,,
Recurvirostra avosetta,eo,,,,
Recurvirostra avosetta,ru,,,,
Tringa glareola,en,,,,
Tringa glareola,nl,,,,
Tringa glareola,de,Er zählt zu den am regelmäßigsten und häufigsten durchziehenden Arten im Binnenland.,,,
Tringa glareola,fr,,,,
Tringa glareola,es,,,,
Tringa glareola,eo,,,,
Tringa glareola,ru,,,,
Tadorna ferruginea,en,,,,
Tadorna ferruginea,nl,,,,
Tadorna ferruginea,de,"Als Höhlenbrüter brüten sie vor allem in Baum-, Fels- oder Erdhöhlen. Ab und zu nisten die Tiere aber auch in verlassenen Greifvogelnestern.",,,
Tadorna ferruginea,fr,,,,
Tadorna ferruginea,es,,,,
Tadorna ferruginea,eo,,,,
Tadorna ferruginea,ru,,,,
Podiceps nigricollis,en,,,,
Podiceps nigricollis,nl,,,,
Podiceps nigricollis,de,"Die Küken werden ganz schön verwöhnt. Obwohl sie bereits schwimmen können, werden sie auf dem Rücken der Eltern umhertransportiert und gefüttert.",,,
Podiceps nigricollis,fr,,,,
Podiceps nigricollis,es,,,,
Podiceps nigricollis,eo,,,,
Podiceps nigricollis,ru,,,,
Somateria mollissima,en,,,,
Somateria mollissima,nl,,,,
Somateria mollissima,de,"Frisst die Eiderente Muscheln, werden diese im Ganzen verschluckt und im Muskelmagen mithilfe kleiner Steinchen zerkleinert.",,,
Somateria mollissima,fr,,,,
Somateria mollissima,es,,,,
Somateria mollissima,eo,,,,
Somateria mollissima,ru,,,,
Nucifraga caryocatactes,en,,,,
Nucifraga caryocatactes,nl,,,,
Nucifraga caryocatactes,de,"Der Tannenhäher legt pro Jahr bis zu 6.000 Vorratsverstecke an, welche die Tiere von Spätsommer bis zum Sommer des Folgejahres ernähren können. Davon werden etwa 80% wiedergefunden; sogar unter einer Schneedecke. Eine unglaubliche Leistung.",,,
Nucifraga caryocatactes,fr,,,,
Nucifraga caryocatactes,es,,,,
Nucifraga caryocatactes,eo,,,,
Nucifraga caryocatactes,ru,,,,
Oriolus oriolus,en,,,,
Oriolus oriolus,nl,,,,
Oriolus oriolus,de,Nach seinem Pfeifen wurde der Vogel früher auch „Vogel Bülow“ genannt. Der französische Name des Pirols lautet „Loriot“.,,,
Oriolus oriolus,fr,,,,
Oriolus oriolus,es,,,,
Oriolus oriolus,eo,,,,
Oriolus oriolus,ru,,,,
Pyrrhocorax graculus,en,,,,
Pyrrhocorax graculus,nl,,,,
Pyrrhocorax graculus,de,Ähnlich wie der berühmte Wetterfrosch können auch Alpendohlen das Wetter vorhersagen. Ihr Erscheinen in den Tälern im Winter gilt als Vorbote von frühen Schneefällen.,,,
Pyrrhocorax graculus,fr,,,,
Pyrrhocorax graculus,es,,,,
Pyrrhocorax graculus,eo,,,,
Pyrrhocorax graculus,ru,,,,
Calidris alpina,en,,,,
Calidris alpina,nl,,,,
Calidris alpina,de,Drei Viertel seines Lebens verbringt er auf dem Zug oder im Winterquartier.,,,
Calidris alpina,fr,,,,
Calidris alpina,es,,,,
Calidris alpina,eo,,,,
Calidris alpina,ru,,,,
Calidris pugnax,en,,,,
Calidris pugnax,nl,,,,
Calidris pugnax,de,Die Farben der spektakulären Halskrausen der Männchen reichen von Weiß über Gelb- und Rottöne bis Schwarz. In einem Trupp sieht kaum ein Männchen aus wie das andere.,,,
Calidris pugnax,fr,,,,
Calidris pugnax,es,,,,
Calidris pugnax,eo,,,,
Calidris pugnax,ru,,,,
Anas acuta,en,,,,
Anas acuta,nl,,,,
Anas acuta,de,Die älteste entdeckte Spießente war 27 Jahre alt.,,,
Anas acuta,fr,,,,
Anas acuta,es,,,,
Anas acuta,eo,,,,
Anas acuta,ru,,,,
Charadrius hiaticula,en,,,,
Charadrius hiaticula,nl,,,,
Charadrius hiaticula,de,,,,
Charadrius hiaticula,fr,,,,
Charadrius hiaticula,es,,,,
Charadrius hiaticula,eo,,,,
Charadrius hiaticula,ru,,,,
Charadrius dubius,en,,,,
Charadrius dubius,nl,,,,
Charadrius dubius,de,In manchen Regionen brüten Flussregenpfeifer auf den Stellflächen von Windrädern.,,,
Charadrius dubius,fr,,,,
Charadrius dubius,es,,,,
Charadrius dubius,eo,,,,
Charadrius dubius,ru,,,,
Actitis hypoleucos,en,,,,
Actitis hypoleucos,nl,,,,
Actitis hypoleucos,de,Der Familienverband kann sich mitunter mehrere Kilometer vom Brutplatz entfernen.,,,
Actitis hypoleucos,fr,,,,
Actitis hypoleucos,es,,,,
Actitis hypoleucos,eo,,,,
Actitis hypoleucos,ru,,,,
Anthus spinoletta,en,,,,
Anthus spinoletta,nl,,,,
Anthus spinoletta,de,,,,
Anthus spinoletta,fr,,,,
Anthus spinoletta,es,,,,
Anthus spinoletta,eo,,,,
Anthus spinoletta,ru,,,,
Locustella luscinioides,en,,,,
Locustella luscinioides,nl,,,,
Locustella luscinioides,de,"Bei Gefahr nimmt der Rohrschwirl eine Pfahlstellung ein, bei der er versucht, mit seiner Umgebung zu verschmelzen, beispielsweise indem er einen Schilfhalm imitiert.",,,
Locustella luscinioides,fr,,,,
Locustella luscinioides,es,,,,
Locustella luscinioides,eo,,,,
Locustella luscinioides,ru,,,,
Rallus aquaticus,en,,,,
Rallus aquaticus,nl,,,,
Rallus aquaticus,de,,,,
Rallus aquaticus,fr,,,,
Rallus aquaticus,es,,,,
Rallus aquaticus,eo,,,,
Rallus aquaticus,ru,,,,
Spatula querquedula,en,,,,
Spatula querquedula,nl,,,,
Spatula querquedula,de,Knäkenten fliegen von unseren Entenarten am weitesten. Sie werden als Überwinterungsgast sogar in Australien nachgewiesen.,,,
Spatula querquedula,fr,,,,
Spatula querquedula,es,,,,
Spatula querquedula,eo,,,,
Spatula querquedula,ru,,,,
Aix galericulata,en,,,,
Aix galericulata,nl,,,,
Aix galericulata,de,In China stehen Mandarinenten symbolisch für eheliche Treue.,,,
Aix galericulata,fr,,,,
Aix galericulata,es,,,,
Aix galericulata,eo,,,,
Aix galericulata,ru,,,,
Acrocephalus arundinaceus,en,,,,
Acrocephalus arundinaceus,nl,,,,
Acrocephalus arundinaceus,de,Mit dem Spruch „schimpfen wie ein Rohrspatz“ ist ursprünglich der Drosselrohrsänger gemeint.,,,
Acrocephalus arundinaceus,fr,,,,
Acrocephalus arundinaceus,es,,,,
Acrocephalus arundinaceus,eo,,,,
Acrocephalus arundinaceus,ru,,,,
Anser serrirostris,en,,,,
Anser serrirostris,nl,,,,
Anser serrirostris,de,,,,
Anser serrirostris,fr,,,,
Anser serrirostris,es,,,,
Anser serrirostris,eo,,,,
Anser serrirostris,ru,,,,